ID,Nome,Descrição,ID da Obra
1,Kelli Thompson,Watch writer door easy media red. Director expert poor account force music organization.,19
2,Jacob Blankenship,Process of inside phone. Action indeed save toward wide.,18
3,Brandon Schultz,Check anything develop human walk personal increase.,14
4,Taylor Maynard,Put class visit item themselves compare well.,8
5,Amanda Fowler,Inside before sea ahead sing kitchen. Third fire morning task probably.,19
6,Cheryl Davis,What owner serious meeting sometimes do. Agency trial central idea.,23
7,Brittney Mueller,Affect well read mean take plant of draw. Laugh new thousand check natural customer.,15
8,Gabrielle Martin,Right sure risk plan mention group.,5
9,Caitlyn Fisher,Soon relationship present capital cultural. One no pass tree. Impact dream quickly others which.,2
10,Felicia Nguyen,Film short common north local live. Itself south theory recognize both. Toward article view best.,5
11,Lisa Powell,Large inside successful Mr. Authority view operation experience world business same.,18
12,Breanna Williams,Week through race idea get. Cover sing money fund country outside entire organization.,9
13,Amanda Campbell,Material wrong political five. Admit medical dinner soon.,25
14,John Murphy,Left response face Mrs baby news building citizen. You four real ability break agency.,13
15,Holly Savage,Campaign trouble win minute. Majority stop win central.,11
16,Rebecca Harrington,Trade Mrs expect girl everyone. Movie remember special generation.,5
17,Catherine Torres,Line ground success blood. Sort direction image need party. Believe family great herself.,5
18,William Chan,Thing while seek knowledge month people middle.,25
19,Mitchell Roberson,Everything style truth debate. Fund certain ok minute sometimes. Relate note finish five occur.,11
20,Michael Smith,Environmental military think open human result nothing role. Bad near energy institution read.,11
21,Christopher Short,Recognize radio all parent meet. Impact ask interview share collection.,22
22,Daniel Chavez,Federal might law different.,18
23,Jacob Harrison,Lay nature never none model. Recognize effort fill six financial. Language individual age figure.,26
24,Scott Wallace,Create there use during laugh happen. Room represent value activity who. Police federal discussion.,1
25,Kelly Pugh,Yeah phone to region admit improve the.,14
26,Mitchell Ellis,Technology buy win generation. Page stay including activity behavior skill bed.,9
27,Casey Valentine,Then expect general before available nation action. Long order development herself cell.,9
